<Employees xmlns:xsi="http://www.w3.org/2001/XMLSchema-instance"
xsi:noNamespaceSchemaLocation="Employees.xsd">
	<records>
		<Employee_Code>101</Employee_Code>
		<Employee_Name>Preetam </Employee_Name>
		<Date_of_joining>10-JAN-2010</Date_of_joining>
		<Salary>18000</Salary>
		<Grade>A</Grade>
		<Department>20</Department>
	</records>
	<records>
		<Employee_Code>102</Employee_Codeo>
		<Employee_Name>Aakash</Employee_Name>
		<Date_of_joining>10-NOV-2005</Date_of_joining>
		<Salary>48000</Salary>
		<Grade>C</Grade>
		<Department>10</Department>
	</records>
	<records>
		<Employee_Code>103</Employee_Code>
		<Employee_Name>Kishore</Employee_Name>
		<Date_of_joining>19-DEC-2011</Date_of_joining>
		<Salary>42000</Salary>
		<Grade>C</Grade>
		<Department>40</Department>
	</records>
	<records>
		<Employee_Code>104</Employee_Code>
		<Employee_Name>Reena</Employee_Name>
		<Date_of_joining>23-JUN-2006</Date_of_joining>
		<Salary>33000</Salary>
		<Grade>B</Grade>
		<Department>20</Department>
	</records>
	<records>
		<Employee_Code>105</Employee_Code>
		<Employee_Name>Kailash</Employee_Name>
		<Date_of_joining>05-FEB-2004</Date_of_joining>
		<Salary>36000</Salary>
		<Grade>C</Grade>
		<Department>30</Department>
	</records>
</Employees>